§ø¨½,¯Çµ|³æ¦ì,ºî¦X©Ò±oÁ`ÃB,¥­§¡¼Æ,¤¤¦ì¼Æ,²Ä¤@¤À¦ì¼Æ,²Ä¤T¤À¦ì¼Æ,¼Ð·Ç®t,ÅÜ²§«Y¼Æ
¤@¼w¨½,2216,2076838,937,603,346,1100,1299.25,138.63
¤E¦p¨½,1995,1756959,881,625,362,1102,910.29,103.36
¤K¥P¨½,1793,1809165,1009,652,373,1194,1254.48,124.33
¤O¦æ¨½,2342,4330585,1849,775,392,1572,5516.88,298.36
¤T¥Á¨½,2533,3491667,1378,769,394,1558,3348.61,242.92
¤T¥É¨½,2170,3210813,1480,780,401,1459,3614.69,244.3
¤T­«¨½,2083,3530611,1695,834,416,1778,6431.88,379.47
¤T±i¨½,3105,4023747,1296,698,365,1327,4441.49,342.74
¤T²p¨½,1904,3839090,2016,779,411,1610,7202.33,357.2
¤T·R¨½,3077,5708212,1855,862,411,1859,12046.26,649.35
¤U°ñ¨½,2815,3138013,1115,696,380,1279,2280.22,204.55
¤j¤¯¨½,1321,1125716,852,603,353,1114,803.79,94.32
¤j¤Ù¨½,348,552738,1588,570,356,1031,6782.11,427
¤j¦P¨½,1955,2050977,1049,645,354,1244,1747.86,166.61
¤j¦³¨½,1724,1660354,963,586,323,1128,1442.35,149.76
¤j¨Î¨½,273,231124,847,552,305,1058,939.55,110.98
¤jª½¨½,3336,3978568,1193,754,403,1470,1721.15,144.32
¤j´ò¨½,2051,3029091,1477,865,438,1670,3296.42,223.2
¤j¹D¨½,2213,2176592,984,643,381,1224,1080.74,109.88
¤j¾Ç¨½,3128,4666653,1492,910,435,1784,2371.4,158.95
¤¤¤s¨½,2265,2164395,956,615,335,1107,2111.81,221
¤¤¤ß¨½,2104,2282949,1085,641,350,1275,2025.15,186.64
¤¤¥¡¨½,1297,1436950,1108,696,357,1256,1900.35,171.53
¤¤¥¡¨½,2824,2927350,1037,655,363,1243,1400.77,135.13
¤¤¥¿¨½,3459,6097380,1763,990,478,1898,4290.76,243.41
¤¤¦N¨½,2052,2735924,1333,749,382,1480,2817.33,211.31
¤¤ÉÜ¨½,1732,1666074,962,601,338,1117,1944.16,202.11
¤¤¦æ¨½,2604,2284521,877,626,371,1083,1186.17,135.2
¤¤©M¨½,1685,1708636,1014,659,380,1212,1255.26,123.79
¤¤©Y¨½,1555,1463966,941,618,351,1148,1710.23,181.66
¤¤«n¨½,1153,855935,742,557,337,950,687.68,92.64
¤¤¬ã¨½,3123,3176717,1017,675,402,1256,1176.57,115.67
¤¤­ì¨½,1817,2209880,1216,707,379,1285,3172.87,260.88
¤¤±[¨½,1429,1745961,1222,803,420,1497,1493.13,122.21
¤¤±e¨½,1391,1261188,907,598,343,1079,1604.95,177.01
¤¤µØ¨½,2340,5724196,2446,950,458,2029,18802.9,768.65
¤¤¿³¨½,1293,1530469,1184,711,354,1439,1592.98,134.58
¤­¤À¨½,3335,3032281,909,656,390,1143,1017.75,111.94
¤­¥þ¨½,1749,1817910,1039,633,360,1189,2290.06,220.32
¤­±`¨½,1295,1353754,1045,678,373,1226,1506.97,144.16
¤¯«i¨½,1252,1292730,1033,612,344,1188,3178.15,307.8
¤¯·R¨½,2180,5370677,2464,927,408,2038,11380.37,461.94
¤¯·O¨½,1956,4595389,2349,946,460,2075,15268.53,649.9
¤¯ºÖ¨½,1822,1766602,970,676,400,1292,894.83,92.29
¤¯¼w¨½,1661,1899555,1144,662,350,1298,2034.14,177.87
¤¶¹Ø¨½,1574,2314692,1471,856,425,1763,2176.15,147.98
¤º´ò¨½,2142,2334757,1090,712,373,1386,1291.45,118.48
¤º·¾¨½,1570,1532970,976,669,357,1224,1165.56,119.37
¤½À]¨½,380,536549,1412,658,359,1224,3331.82,235.97
¤»¦X¨½,2431,3597178,1480,739,395,1502,5781.32,390.71
¤»ÃÀ¨½,1171,1106371,945,681,378,1183,1118.59,118.39
¤Ñ¤s¨½,2471,3262582,1320,750,379,1583,1998.15,151.34
¤Ñ¥À¨½,2446,4656886,1904,825,413,1737,5661.08,297.34
¤Ñ¥É¨½,3114,4783263,1536,790,402,1658,3209.65,208.95
¤Ñ©M¨½,2758,4555884,1652,791,402,1622,7299.06,441.86
¤Ñ¸S¨½,1874,2246849,1199,727,401,1372,1829.66,152.6
¤Ñ¹Ø¨½,1872,3840186,2051,906,429,1808,10267.19,500.5
¤ÑºÖ¨½,2224,2773020,1247,743,375,1442,2914.77,233.77
¤å¤Æ¨½,1388,1466859,1057,785,411,1445,942.11,89.15
¤å¥_¨½,2103,5275741,2509,940,426,2080,15087.13,601.4
¤å©÷¨½,6,2587,431,498,311,525,142.21,32.98
¤åªL¨½,1491,1654970,1110,702,387,1332,1544.65,139.16
¤å²±¨½,957,1154194,1206,808,390,1540,1315.39,109.07
¤å²»¨½,2708,4209216,1554,960,429,1946,2576.69,165.77
¤é²»¨½,1599,1375592,860,585,366,1069,1015.64,118.06
¤éµ½¨½,1073,852222,794,590,357,997,741.9,93.41
¤ì¬]¨½,2839,3882016,1367,775,401,1541,3270.58,239.18
¤ì·s¨½,2907,2844859,979,635,369,1189,1801.32,184.07
¤ô·½¨½,1063,1091982,1027,695,384,1262,1092.62,106.36
¥_¦w¨½,966,1140079,1180,764,412,1486,1873.06,158.71
¥j­·¨½,1546,2357138,1525,842,414,1743,3275.48,214.83
¥j²ø¨½,2578,3558975,1381,842,433,1672,2702.65,195.77
¥|¨|¨½,1907,1763344,925,655,371,1210,954.31,103.21
¥|ºû¨½,1864,1971187,1058,663,373,1260,1497.26,141.58
¥­µ¥¨½,356,338494,951,593,364,968,2285.36,240.35
¥¿¦u¨½,1238,1383174,1117,711,368,1338,1475.97,132.11
¥¿©M¨½,1707,2316530,1357,777,386,1602,2269.57,167.24
¥¿±o¨½,1425,2026078,1422,685,363,1327,6725.89,473.05
¥¿¸q¨½,1698,1567734,923,607,335,1106,1823.85,197.54
¥¿Án¨½,1859,3235909,1741,840,393,1830,5307.89,304.93
¥Á¦w¨½,1667,2098791,1259,643,364,1273,3349.6,266.05
¥Á¦³¨½,3475,5833634,1679,782,390,1673,5372.49,320.03
¥Á¬·¨½,3093,6478511,2095,950,430,1979,10574.77,504.87
¥ÁºÖ¨½,2285,2438365,1067,698,367,1362,1553.55,145.58
¥Á½÷¨½,2625,6674720,2543,912,400,1962,10642.91,418.56
¥ÁÅv¨½,2109,2286845,1084,709,367,1307,1799.93,166
¥Ã¥\¨½,2059,2178716,1058,700,380,1327,1322.36,124.97
¥Ã¦N¨½,990,765834,774,571,333,970,828.67,107.12
¥Ã¦w¨½,3489,7215602,2068,981,455,2113,4635.61,224.15
¥Ã©M¨½,3104,4860122,1566,792,415,1588,5112.16,326.5
¥Ã©÷¨½,1503,1240026,825,593,338,1048,814.98,98.78
¥Ã©ú¨½,1571,1825322,1162,759,434,1430,1450.03,124.8
¥ÃªY¨½,2908,5404671,1859,1007,463,2234,3332.11,179.28
¥Ã¬K¨½,1601,1436611,897,636,374,1115,961.55,107.16
¥Ã­Û¨½,2257,1723502,764,562,351,954,746.04,97.7
¥Ã±d¨½,1338,1952415,1459,813,409,1677,2338.18,160.24
¥ÃºÖ¨½,425,1860239,4377,766,402,1764,19486.89,445.21
¥Ã¼Ö¨½,1983,2920836,1473,641,348,1204,9450.45,641.61
¥É¦¨¨½,1635,1495949,915,653,372,1186,1086.59,118.76
¥É¬u¨½,1069,1133755,1061,644,369,1237,1482.33,139.77
¥ÛµP¨½,1868,1771179,948,659,376,1218,893.92,94.28
¥Û¼æ¨½,1263,1774204,1405,797,441,1468,2338.37,166.46
¥ß¹A¨½,2894,2815807,973,674,377,1252,1058.56,108.8
¥ß½å¨½,1790,1649556,922,625,352,1200,956.89,103.84
¥ú©ú¨½,1228,2567805,2091,1040,498,2086,9344.82,446.9
¥úªZ¨½,2874,4207070,1464,776,378,1534,4436.79,303.09
¥ú«H¨½,2785,4555542,1636,808,427,1628,4264.97,260.74
¥ú¯à¨½,1687,1550407,919,609,335,1106,1287.44,140.09
¥ú´_¨½,1284,1769842,1378,725,368,1381,3294.36,239
¥þ¦w¨½,1732,3610668,2085,824,412,1772,8517.2,408.56
¥þ¼w¨½,1242,1147636,924,639,369,1123,1457.45,157.73
¦X¦¨¨½,2311,2715570,1175,680,381,1225,2324.57,197.83
¦N¤¯¨½,1430,1863526,1303,802,420,1586,1978.83,151.85
¦N§Q¨½,2205,2268409,1029,703,395,1327,1159.25,112.68
¦N²»¨½,3179,4162350,1309,747,384,1463,5445.66,415.91
¦N¼y¨½,1683,1690728,1005,704,388,1271,1146.91,114.17
¦W¤s¨½,2583,3165961,1226,744,391,1468,1805.66,147.32
¦w¥­¨½,2845,2910194,1023,667,370,1213,2139.74,209.18
¦w®õ¨½,1777,1553861,874,627,381,1111,941.19,107.63
¦w±d¨½,3796,14643157,3858,974,472,2075,32796.85,850.2
¦w´ò¨½,2547,2776738,1090,726,383,1405,1378.27,126.42
¦¨¥\¨½,2518,6788453,2696,1118,499,2407,10271.2,380.98
¦¨ºÖ¨½,2593,2376858,917,636,380,1169,956.43,104.34
¦¶±[¨½,1097,1344667,1226,701,392,1380,1725.49,140.77
¦¶¶é¨½,1797,4166367,2319,781,401,1525,20055.35,865.01
¦¶ÃL¨½,2093,2219381,1060,661,371,1246,1759.36,165.92
¦¿¤s¨½,2836,3363719,1186,706,377,1383,2184.68,184.19
¦¿¹ç¨½,2607,3277753,1257,763,385,1541,1785.93,142.05
¦ÊºÖ¨½,1755,1468090,837,605,359,1047,835.92,99.93
¦ÊÄÖ¨½,2368,1981249,837,612,365,1070,960.94,114.85
¦Ñ¬u¨½,199,147532,741,538,308,882,719.65,97.07
¦Ñ®v¨½,1797,1488559,828,586,342,1013,983.15,118.69
¦Û±j¨½,3081,3987047,1294,800,394,1560,2796.03,216.06
¦Ü¸t¨½,2730,2592560,950,586,339,1100,1987.25,209.26
¦æ¤¯¨½,2678,2338286,873,620,351,1097,1011.86,115.89
¦æ§µ¨½,1354,1170402,864,623,349,1075,912.44,105.56
¦æ¬F¨½,1982,1882194,950,619,343,1125,2184.93,230.08
¦æµ½¨½,2217,1961052,885,641,362,1145,848.79,95.96
¦è¦w¨½,2465,2596819,1053,709,391,1297,1293.39,122.77
¦è§ø¨½,1679,1749565,1042,709,369,1338,1182.99,113.53
¦èªù¨½,1261,1306437,1036,637,360,1126,3072.9,296.6
¦è±d¨½,3374,4465879,1324,776,400,1523,3043.98,229.97
¦è´ò¨½,2631,2490094,946,655,383,1167,1310.51,138.47
¦è·s¨½,1617,1319948,816,585,350,1013,850.57,104.2
¦í¦w¨½,1781,2476542,1391,734,402,1442,3556.6,255.77
§µ¼w¨½,967,736218,761,572,350,969,661.7,86.91
¨q¤s¨½,1004,834544,831,596,351,1047,839.55,101
¨q´ò¨½,2341,3492868,1492,827,422,1722,2312.14,154.96
¨®¼h¨½,2466,4439443,1800,859,400,1866,5121.13,284.47
©M¥­¨½,1880,1342892,714,549,331,911,616.1,86.25
©M¦w¨½,2406,8514453,3539,962,451,1944,37146.9,1049.69
©M¼w¨½,1665,1186518,713,524,327,878,676.52,94.93
©_©¥¨½,3157,3783105,1198,676,371,1319,2652.68,221.37
©¥¤s¨½,1197,1477877,1235,657,359,1315,3445.26,279.05
©¯¥«¨½,1791,3647426,2037,869,422,1864,5512.41,270.68
©¯ºÖ¨½,1689,2319647,1373,800,398,1608,2279.86,166
©µ¥­¨½,1292,1320979,1022,581,324,1126,2367.52,231.56
©¾­s¨½,1314,1024030,779,546,325,946,819.26,105.12
©¾¶¶¨½,1339,1698713,1269,820,422,1623,1998.86,157.56
©¾¶Ô¨½,1725,1199641,695,541,323,889,583.33,83.88
©¾¸Û¨½,2042,3313517,1623,729,400,1457,7934.95,489
©¾¼w¨½,1252,946637,756,550,332,988,674,89.14
©Ó¼w¨½,2052,2205650,1075,718,386,1287,1343.43,124.98
©÷¶©¨½,1234,1759081,1426,767,380,1665,3417.83,239.76
©ú³Ó¨½,1669,1620472,971,642,379,1163,1478.44,152.27
©ú´ò¨½,1724,1777642,1031,681,368,1264,1733.38,168.11
©ú¸q¨½,904,911188,1008,584,316,1163,1423.92,141.27
©ú¿³¨½,2398,2459505,1026,749,404,1332,985.76,96.11
ªF¤s¨½,1702,2563480,1506,752,387,1509,4754.47,315.67
ªF¥ú¨½,2646,3362605,1271,768,388,1563,2016.69,158.69
ªF©÷¨½,965,2896760,3002,905,456,1753,41603.21,1385.93
ªF©ú¨½,1770,2023518,1143,725,394,1356,1410.3,123.36
ªFªù¨½,1467,6411140,4370,880,441,1841,108882.02,2491.44
ªF´ò¨½,2720,2378328,874,620,363,1143,793.76,90.78
ªFµØ¨½,1479,1524558,1031,683,377,1296,1165.23,113.04
ªF¶Õ¨½,1657,2895671,1748,766,377,1595,16914.43,967.9
ªF·s¨½,2358,2146408,910,635,360,1142,1138.97,125.13
ªFºa¨½,3024,5296658,1752,906,409,1879,4644.98,265.19
ªQ¤Í¨½,2304,2256729,979,692,401,1246,969.37,98.97
ªQ¥ú¨½,1785,1780780,998,683,391,1253,1046.39,104.89
ªQ¦¿¨½,2430,4122778,1697,724,386,1378,9521.41,561.2
ªQ°ò¨½,1434,2609069,1819,802,409,1733,7416.49,407.63
ªQ¶©¨½,674,516126,766,562,343,971,712.88,93.09
ªO·Ë¨½,1214,1349748,1112,749,394,1413,1408.56,126.69
ªL¬u¨½,1025,980746,957,635,361,1150,1774.52,185.46
ªL¿³¨½,1575,1920231,1219,806,400,1493,2005.82,164.52
ªe³ö¨½,1697,1943100,1145,734,400,1416,1901.61,166.08
ªkªv¨½,1647,2130165,1293,761,415,1480,1981.52,153.21
ªÀ¤l¨½,1937,1605014,829,588,344,993,1163.81,140.45
ªÀ¶é¨½,2125,1635457,770,571,353,976,710.37,92.3
ªÀ·s¨½,2531,1908029,754,564,357,953,644.47,85.49
ª×Às¨½,683,981413,1437,778,391,1601,3776.67,262.83
ªÛ¤s¨½,2708,5632066,2080,752,406,1554,18644.05,896.44
ªÚ©M¨½,1987,2223842,1119,716,389,1362,1614.84,144.29
ªê¼S¨½,1414,2244424,1587,809,411,1604,6396.19,402.96
ª÷®õ¨½,2592,5721242,2207,1026,491,1929,9518.78,431.25
ª÷´ò¨½,3359,7457529,2220,1188,556,2500,4361.9,196.47
ª÷·ç¨½,2267,2283809,1007,671,385,1259,1616.1,160.42
ª÷Às¨½,1856,1709227,921,649,368,1154,1340.39,145.55
ªø¦w¨½,1929,1760853,913,612,356,1097,1163.98,127.51
ªø¬K¨½,1275,1097884,861,618,354,1074,883.03,102.55
«C¤s¨½,1533,1248261,814,556,315,958,997.23,122.47
«O¦w¨½,1300,1529940,1177,632,350,1110,4894.2,415.86
«O¼w¨½,1030,1026537,997,603,350,1108,1919.95,192.64
«e´ä¨½,1466,1520297,1037,672,383,1286,1326.9,127.95
«nªÚ¨½,1302,1130770,868,597,336,1071,992.63,114.29
«nªù¨½,950,1509582,1589,872,430,1748,3179.81,200.11
«n´ä¨½,1967,2033448,1034,646,372,1165,4404.54,426.06
«n´ò¨½,1753,2941549,1678,1083,539,2187,2015.19,120.09
«nºÖ¨½,3432,5155294,1502,982,471,1933,1999.89,133.14
«Ø¥\¨½,1480,1405811,950,633,347,1129,1479.46,155.75
«Ø¥Á¨½,1366,1549323,1134,683,384,1323,1630.51,143.76
«Ø¦w¨½,2001,3214070,1606,811,389,1682,3677.67,228.96
«Ø©ú¨½,1234,1560224,1264,601,346,1189,4101.73,324.41
«Ø­Û¨½,2365,5414841,2290,878,407,1989,12494.5,545.71
«Ø®õ¨½,1327,1398636,1054,673,370,1235,1424.27,135.13
«Ø°ê¨½,521,782181,1501,892,419,1754,2122.87,141.4
«á´ä¨½,2719,2647504,974,657,364,1201,1135.98,116.67
«í¦w¨½,1575,1869692,1187,663,367,1226,3810.26,320.97
«ü«n¨½,1110,1262529,1137,750,392,1422,1270.5,111.7
¬F¤j¨½,2284,4002529,1752,1215,552,2206,2194.61,125.23
¬P©ú¨½,1960,2144102,1094,675,361,1274,2136.68,195.32
¬h¶m¨½,1431,1035417,724,528,308,918,902.81,124.77
¬u·½¨½,663,669069,1009,563,353,1038,3077.55,304.96
¬w¬ü¨½,604,454037,752,541,327,936,718.68,95.61
¬ü¤¯¨½,1229,1811041,1474,853,420,1726,2099.79,142.5
­«¶§¨½,1607,2746691,1709,1107,550,2082,2164.18,126.62
­«¼y¨½,2293,2387796,1041,675,383,1271,1465.51,140.73
­â¾]¨½,1027,775160,755,567,342,951,668.91,88.62
®¶µØ¨½,2713,2964259,1093,697,372,1365,1482.21,135.66
®ç·½¨½,1967,1768862,899,604,367,1133,1036.08,115.21
®õ©M¨½,2583,2380456,922,633,365,1123,1015.75,110.22
°ê¶¶¨½,787,537182,683,520,305,898,583.9,85.54
°ê·~¨½,2546,3096759,1216,772,414,1511,1651.41,135.77
°ê¼y¨½,1498,1558027,1040,671,373,1288,1363.09,131.06
°ñÀY¨½,1281,1233403,963,656,363,1158,1054.77,109.55
±d¹ç¨½,2836,3398376,1198,829,431,1552,1502.55,125.39
±d¼Ö¨½,941,1032793,1098,630,332,1256,2902.56,264.46
±öªá¨½,1291,1831833,1419,813,396,1559,2658.42,187.35
²M¥Õ¨½,3086,4834308,1567,907,457,1819,3185.46,203.35
²M¦¿¨½,2572,2260814,879,593,344,1053,1352.35,153.85
²ø·q¨½,1764,1610106,913,682,376,1208,819.58,89.79
³q¤Æ¨½,2108,2377210,1128,646,359,1260,2487.54,220.58
³q¦w¨½,1965,2298640,1170,683,384,1353,1970.57,168.45
³»ªF¨½,2261,2620031,1159,762,393,1469,1407.28,121.44
³»ºÓ¨½,2271,1948508,858,585,350,1037,1187.54,138.41
³Õ¹Å¨½,1830,2321383,1269,749,423,1398,4293,338.43
´I¤ô¨½,847,983929,1162,784,419,1415,1311.38,112.89
´I¥Á¨½,1479,1166184,788,577,325,1001,782.99,99.3
´I¥ú¨½,1659,1230946,742,567,346,919,673.47,90.77
´I¬w¨½,1459,1037423,711,539,330,886,633.06,89.03
´I®õ¨½,1683,2175717,1293,798,401,1534,2698.43,208.73
´IºÖ¨½,1463,1432199,979,605,333,1073,1760.14,179.8
´I»O¨½,1533,1782718,1163,754,395,1404,1529.81,131.55
´IÀA¨½,1862,2518436,1353,719,372,1431,5325.04,393.71
´L½å¨½,1536,1419224,924,652,374,1175,975.73,105.6
´_«Ø¨½,1578,1999807,1267,837,427,1643,1440.58,113.67
´_²±¨½,2295,2504432,1091,702,378,1313,2144.51,196.52
´_µØ¨½,1803,2667584,1480,770,381,1605,2737.41,185.02
´_¶Õ¨½,2299,2835023,1233,772,400,1502,1668.36,135.29
´_·½¨½,1135,1528461,1347,742,405,1450,4896.57,363.61
´f¦w¨½,2208,2134035,967,685,382,1210,1050.17,108.66
´­¶®¨½,1134,1094525,965,586,352,1044,1702.11,176.35
´°¤Æ¨½,2558,3693973,1444,816,424,1599,3694.88,255.86
´°¦w¨½,2370,4659733,1966,935,434,1913,5181.98,263.56
´°«p¨½,1993,2187307,1097,735,387,1409,1292.23,117.74
´°·×¨½,2301,3751304,1630,894,403,1824,3203.16,196.48
´µ¤å¨½,1655,1565658,946,568,325,1036,2638.17,278.87
´º¤¯¨½,1602,1804183,1126,768,396,1447,1335.11,118.55
´º¦æ¨½,2106,2247053,1067,729,400,1339,1190.7,111.6
´ºªF¨½,2310,2511376,1087,791,417,1441,1124.56,103.44
´º¬P¨½,764,571322,748,542,337,931,690.73,92.37
´º¬ü¨½,1757,2065024,1175,759,410,1443,1428.77,121.57
´ºµØ¨½,1913,2150022,1124,729,399,1376,1605.2,142.82
´º¶Ô¨½,1336,1276269,955,672,375,1211,1000.8,104.76
´º·s¨½,1834,4948080,2698,808,414,1711,14104.93,522.8
´º¼y¨½,2111,2049331,971,674,371,1273,968.12,99.73
´ºÁp¨½,1680,1795070,1068,716,369,1333,1180.29,110.46
´¸¥ú¨½,1908,2490679,1305,668,366,1258,5952.92,456.03
´¼¤¯¨½,1882,1621472,862,646,381,1097,751.19,87.19
´Â¶§¨½,1443,1625148,1126,636,327,1160,2455.04,217.99
´ä³£¨½,1922,2346935,1221,719,396,1404,2542.2,208.19
´ä´I¨½,3131,3512557,1122,703,380,1353,1857.67,165.59
´äµØ¨½,3094,3654946,1181,699,394,1342,2487.07,210.54
´äáY¨½,2116,2371049,1121,750,417,1386,1263,112.71
´ò¤s¨½,509,649695,1276,625,344,1123,5965,467.32
´ò¤¸¨½,2081,2390224,1149,718,401,1327,1967.76,171.32
´ò¥Ð¨½,254,281815,1110,567,320,1152,3084.22,277.98
´ò¿³¨½,2721,2949382,1084,709,399,1287,1573.12,145.13
´òÀØ¨½,2906,4244645,1461,808,418,1627,2851.16,195.2
µµ¬P¨½,2754,2841665,1032,682,375,1291,1215.71,117.82
µµ¶§¨½,2896,3545178,1224,750,404,1469,2555.38,208.74
µµ¶³¨½,1805,1806191,1001,695,362,1294,1156.68,115.59
µ×¤s¨½,425,1072174,2523,629,395,1031,27455.45,1088.31
µæ¶é¨½,1812,1634391,902,609,342,1063,1315.52,145.85
µØ¤¤¨½,1785,1460083,818,588,356,1037,909.45,111.18
µØ¦¿¨½,2451,1866593,762,554,320,928,778.5,102.22
µØ¿³¨½,2846,3824042,1344,804,415,1617,1965.43,146.27
µØÁn¨½,1574,2519561,1601,791,393,1605,6751.35,421.76
¶g¬ü¨½,2557,3369365,1318,733,395,1418,2281.37,173.13
¶}©ú¨½,2143,2534570,1183,645,384,1238,3691.37,312.11
¶§©ú¨½,989,1729062,1748,721,386,1459,5867.76,335.63
¶©©M¨½,941,846497,900,583,331,1049,1214.26,134.98
¶®²»¨½,1647,1726867,1048,687,386,1231,1628.81,155.35
¶°­^¨½,2311,2694059,1166,661,354,1247,3442.96,295.34
¶¶¿³¨½,2403,2409360,1003,657,385,1242,1466.28,146.24
¶ê¤s¨½,1456,1468609,1009,611,333,1130,2119.38,210.12
·H¦w¨½,1350,1635000,1211,755,420,1520,1583.53,130.75
·R°ê¨½,1128,1312795,1164,751,409,1376,1677.96,144.18
·O¯§¨½,2304,2095352,909,638,366,1135,926.25,101.85
·s¤¯¨½,1263,1569354,1243,822,421,1600,1459.84,117.49
·s¥Í¨½,1624,1443779,889,596,336,1100,960.6,108.05
·s¥ú¨½,1279,1396995,1092,601,356,1089,8117.74,743.21
·s¦w¨½,1686,1281333,760,546,341,936,752.67,99.04
·s¦w¨½,689,1535056,2228,656,352,1386,12775.23,573.41
·sÉÜ¨½,1629,1365545,838,588,331,1035,1031.63,123.07
·s©M¨½,2585,2341449,906,648,361,1161,994.21,109.76
·s©¾¨½,1017,840854,827,580,358,1057,769.74,93.1
·sªF¨½,1787,1928806,1079,722,384,1332,1290.17,119.53
·s¯q¨½,1735,1827251,1053,723,374,1310,1332.35,126.51
·s°_¨½,2289,2349008,1026,623,339,1197,2510.37,244.62
·s³ß¨½,1831,1842151,1006,634,357,1103,2618.26,260.24
·s´I¨½,1278,1069529,837,598,360,1045,875.33,104.6
·sºÖ¨½,1753,2283882,1303,608,338,1134,13632.03,1046.33
·s»E¨½,2885,3210167,1113,705,389,1332,1764.81,158.6
·sÀs¨½,2388,3186160,1334,849,403,1729,1731.89,129.8
·sÀç¨½,3033,5043208,1663,1033,469,2021,3682.98,221.5
·Ë¤s¨½,346,439934,1271,571,367,993,7343.84,577.58
·Å¬u¨½,2258,2224680,985,641,363,1201,1191.9,120.97
·ç¥ú¨½,1607,1629987,1014,737,411,1290,1077.43,106.22
·ç¶§¨½,2667,3052272,1144,742,418,1435,1331.93,116.38
_­^¨½,2544,3058405,1202,769,399,1580,2226.69,185.22
_½å¨½,2284,3667523,1606,787,390,1624,4981.34,310.22
¸q¦w¨½,2087,4559378,2185,900,424,2014,7083.57,324.24
¸q§ø¨½,2222,2754884,1240,721,367,1454,2868.28,231.35
¸q«H¨½,1031,1131196,1097,684,374,1276,1346.29,122.7
¸t¤s¨½,1780,2256173,1268,778,407,1514,1784.31,140.77
¸U¦~¨½,1890,2455399,1299,737,383,1463,6494.59,499.91
¸U¦³¨½,1840,2086454,1134,774,422,1469,1210.84,106.78
¸U©M¨½,1019,1183617,1162,779,414,1358,1616.38,139.16
¸UªÚ¨½,2730,2861016,1048,731,394,1366,1088.85,103.9
¸U¬ü¨½,2250,2996095,1332,758,394,1520,2098.62,157.6
¸U²±¨½,1662,1935229,1164,740,395,1433,3461.43,297.27
¸U²»¨½,1578,1619067,1026,701,392,1379,1027.27,100.12
¸U¶©¨½,2505,2838894,1133,774,402,1494,1213.01,107.03
¸U¹Ø¨½,1056,1088799,1031,637,311,1214,1454.56,141.07
¸UºÖ¨½,1482,1430219,965,655,363,1186,1219.71,126.39
¸U¿³¨½,2763,4042765,1463,845,449,1746,2253.56,154.02
¸¬ªF¨½,1239,981349,792,568,348,1002,835.66,105.51
¸¬¬w¨½,2551,3620691,1419,897,463,1772,2069.67,145.82
¸¬Äª¨½,2285,1858488,813,604,354,1035,856.9,105.36
¸Î¥Á¨½,2661,3346108,1257,731,394,1390,1986.17,157.95
¸Õ°|¨½,2363,2756512,1167,770,412,1429,3461.97,296.78
¸Û¦w¨½,1588,2502650,1576,723,354,1365,16989.76,1078.05
¹Å¿³¨½,1206,1157900,960,645,364,1151,1210.58,126.09
¹Ø¼w¨½,1558,1381357,887,617,359,1111,891.08,100.5
ºa¥ú¨½,2281,2192620,961,689,382,1211,1030.64,107.22
ºaµØ¨½,2749,4343752,1580,807,419,1610,6459.57,408.8
ºa¼w¨½,945,684213,724,549,329,938,610.06,84.26
ºÑ¤s¨½,2232,2375434,1064,694,395,1300,1666.19,156.56
ºÖ¤¤¨½,2221,2088027,940,637,371,1145,1147.64,122.07
ºÖ¦w¨½,1153,832340,722,524,320,862,775.55,107.43
ºÖ¦¨¨½,1009,2032638,2015,889,450,1836,11536.74,572.68
ºÖ¦í¨½,2266,4501722,1987,1011,470,2012,6887.04,346.67
ºÖ§Ó¨½,2782,3514176,1263,732,409,1473,2435.75,192.83
ºÖ¨Î¨½,2612,3038272,1163,680,371,1355,2026.42,174.21
ºÖªL¨½,1007,1401514,1392,691,356,1269,4878.07,350.49
ºÖ¬P¨½,1579,1540350,976,618,351,1087,1836.94,188.3
ºÖ­µ¨½,1143,1392460,1218,588,337,1016,8562.23,702.83
ºÖµØ¨½,1879,1514320,806,579,349,990,786.7,97.62
ºÖ¶¶¨½,1611,1324594,822,596,351,1003,944.56,114.88
ºÖ¼w¨½,1533,1707285,1114,717,385,1452,1195.97,107.39
ºÖ¿³¨½,2292,2258273,985,680,385,1261,1078.87,109.5
ºë©¾¨½,1535,2829329,1843,908,422,1807,7593.1,411.95
ºñ³ö¨½,1035,691395,668,527,321,844,592.28,88.66
ºô·Ë¨½,2088,2381447,1141,755,385,1465,1292.71,113.34
»A¤s¨½,1044,1287773,1233,711,376,1458,1770.18,143.51
»E²±¨½,1356,1219703,899,563,321,1046,1613.05,179.33
»E¸­¨½,1308,1303506,997,659,365,1208,1557.39,156.28
»Ê¼w¨½,1415,1138568,805,572,338,976,786.99,97.81
¼C¼æ¨½,1171,1228095,1049,700,387,1241,1367.73,130.41
¼s©~¨½,2797,3436949,1229,790,412,1546,1584.44,128.94
¼w¦w¨½,2084,3620447,1737,828,408,1802,3759.27,216.39
¼w¦æ¨½,1566,1683354,1075,670,358,1222,2462.46,229.08
¼wµØ¨½,1864,2068522,1110,662,368,1193,5085.47,458.27
¼Ö±d¨½,2900,2615913,902,669,397,1167,821.16,91.03
¼Ì¤å¨½,1981,1967814,993,690,391,1264,1032.92,103.98
¼ÌªL¨½,2836,2882356,1016,706,398,1296,1432.14,140.91
¼Ì·s¨½,1978,2451916,1240,808,440,1485,1725.35,139.19
¼Ì¸}¨½,1833,2340898,1277,726,384,1492,2004.16,156.93
¼Ì¾ð¨½,1514,1499842,991,664,384,1195,1274.3,128.63
½_­»¨½,1585,1380653,871,629,366,1049,982.39,112.78
½´µÜ¨½,1686,1707058,1012,604,343,1126,1646.52,162.62
¾F¦¿¨½,2030,1621259,799,559,343,965,871.06,109.07
¾¤¤¸¨½,1752,1473704,841,627,366,1086,841.24,100.01
¾¤¥­¨½,2541,2621750,1032,722,391,1303,1079.8,104.65
¾¤¦w¨½,452,334112,739,513,321,877,776.47,105.04
¾¤§µ¨½,2701,2720417,1007,693,381,1292,1084.04,107.63
¾¤©M¨½,1647,1802314,1094,723,414,1356,1394.9,127.47
¾¤©¾¨½,1613,1511400,937,662,398,1146,1044.46,111.47
¾¤©ú¨½,1125,1562825,1389,825,398,1558,2643.08,190.26
¾¤¶¶¨½,1431,1453556,1016,657,373,1274,1143.38,112.56
¾Ç©²¨½,771,906610,1176,713,385,1479,1283.43,109.15
¿}__¨½,1698,1460515,860,586,347,1037,992.03,115.33
¿³¥ú¨½,1150,1342524,1167,714,397,1445,1884.75,161.45
¿³¦w¨½,2282,2857510,1252,777,395,1586,1670.95,133.44
¿³¨¹¨½,1547,1671629,1081,767,418,1446,1155.24,106.91
¿³¨È¨½,2096,2719597,1298,717,368,1411,2481.05,191.22
¿³©ô¨½,2847,2856479,1003,722,416,1285,1066.54,106.3
¿³©÷¨½,2397,3554536,1483,869,452,1660,6342.31,427.69
¿³®a¨½,2572,2422333,942,663,390,1209,960.86,102.02
¿³®õ¨½,1367,1490575,1090,727,383,1333,1423.59,130.56
¿³±o¨½,1956,1944421,994,684,360,1289,1080.72,108.72
¿³¶©¨½,1005,5247534,5221,781,401,1737,90476.41,1732.79
¿³¶®¨½,2080,2247102,1080,715,378,1322,1565.97,144.95
¿³·~¨½,1916,2048821,1069,743,398,1339,1166.01,109.04
¿³ºÖ¨½,1890,1938258,1026,693,395,1314,1225.23,119.47
¿³¼w¨½,1171,912244,779,583,347,974,705.65,90.58
¿³Â×¨½,1638,2018160,1232,781,424,1553,1597.14,129.63
¿Ã®E¨½,1986,2123951,1069,686,365,1286,1699.09,158.87
¿Ã³·¨½,1550,1413390,912,622,347,1170,956.61,104.91
ÀA¦w¨½,2166,3895691,1799,993,448,2011,3631.16,201.89
ÀA®õ¨½,1293,2125681,1644,909,424,1869,8567.92,521.17
ÀAµØ¨½,1956,3020696,1544,1001,492,1911,3708.7,240.15
ÀA¼w¨½,1607,1225019,762,554,335,974,691.02,90.65
Às¥Í¨½,2386,3758451,1575,966,473,1931,2447.52,155.38
Às¥Ð¨½,3589,5147078,1434,983,452,1854,1772.56,123.6
Às¥ú¨½,1215,1566734,1289,870,428,1618,1657.81,128.56
Às¦w¨½,2272,5009389,2205,1007,459,2059,11321.02,513.46
Às©Y¨½,2091,3234044,1547,962,464,1959,2131.67,137.82
Àsªù¨½,1590,3106831,1954,1002,461,2038,5279.62,270.2
Às¬u¨½,1770,2489606,1407,878,427,1716,3013.84,214.27
Às¬w¨½,1855,2189464,1180,720,386,1432,2121.42,179.74
Às°}¨½,1334,2088590,1566,883,439,1680,3698.58,236.23
Às²W¨½,3201,4674280,1460,955,458,1914,2058.27,140.95
Às¶³¨½,1804,3608062,2000,863,406,1830,13812.75,690.63
Às¹Ï¨½,2539,3861970,1521,862,400,1740,2634.18,173.18
ÀsºÖ¨½,2118,2734910,1291,910,437,1710,1369.54,106.06
Às¿³¨½,1249,1411363,1130,771,398,1449,1542.75,136.53
Áp¦¨¨½,1732,1506686,870,620,360,1119,799.04,91.85
Á{¦¿¨½,1334,1249356,937,635,362,1165,1006.8,107.5
Á{·Ë¨½,1087,2278593,2096,817,428,1764,5230.03,249.5
ÂEºÖ¨½,1615,1633293,1011,691,389,1232,1217.44,120.38
ÂÂÉÜ¨½,2770,2246781,811,598,357,1019,789.07,97.28
ÂÂ¨Î¨½,2138,2446477,1144,624,343,1214,4594.69,401.53
Â×¦~¨½,1391,1121646,806,579,344,1061,736.07,91.28
Âù©M¨½,2457,2506335,1020,701,384,1254,1109.27,108.74
Âù³s¨½,3019,2686454,890,614,339,1110,1153.44,129.62
Âù¶é¨½,1449,1321287,912,620,368,1076,983.81,107.89
Ãö´ç¨½,3470,3359742,968,641,370,1145,1245.73,128.66
ÄPµ{¨½,1856,2204781,1188,746,389,1476,1384.15,116.52
ÄR¤s¨½,2013,2269468,1127,722,409,1359,1652.75,146.6
Ä_´ò¨½,2967,5622110,1895,1167,517,2344,2457.65,129.7
Äª¬w¨½,368,263357,716,533,326,899,681.75,95.26
ÄË¶³¨½,972,946822,974,584,350,1087,3074.99,315.68
Äõ¶®¨½,3109,4241663,1364,737,405,1400,7283.67,533.87
Äõ¿³¨½,2331,3137289,1346,768,413,1512,2170.35,161.26